주요거리,SKT,강남구,선릉역주변,204434.122,445019.079
공공청사,서울시,강남구,아동복지센터,207778.344,442262.396
주요거리,SKT,강남구,청담패션거리,203548.13,447486.519
주요거리,SKT,강남구,청담패션거리,203454.203,447149.175
주요거리,SKT,강남구,청담패션거리,203454.203,447149.175
주요거리,SKT,강남구,청담패션거리,203491.311,447245.814
주요거리,SKT,강남구,과학기술원앞,202669.348,444616.912
주요거리,SKT,강남구,역삼역주변,203097.973,444554.735
주요거리,SKT,강남구,선릉역주변,204205.918,444999.236
주요거리,SKT,강남구,선릉역주변,204205.918,444999.236
주요거리,SKT,강남구,선릉역주변,204192.028,444923.168
주요거리,SKT,강남구,선릉역주변,204281.325,445106.392
주요거리,SKT,강남구,역삼역주변,203174.041,444505.787
주요거리,SKT,강남구,국기원,202617.754,444730.022
주요거리,SKT,강남구,국기원,202617.754,444730.022
주요거리,SKT,강남구,청담패션거리,203517.703,447358.196
주요거리,SKT,강남구,청담패션거리,203565.328,447437.638
주요거리,SKT,강남구,청담패션거리,203522.995,447280.144
공공청사,서울시,강동구,광나루 한강안내센터,210803.42,450051.778
공공청사,서울시,강동구,광나루 한강안내센터,210803.42,450051.778
주요거리,LGU+,강북구,미아삼거리역,202720.48,457089.073
주요거리,LGU+,강북구,미아삼거리역,202678.147,457060.498
주요거리,LGU+,강북구,미아삼거리역,202638.988,457078.225
공원,SKT,강북구,우이천,202900.908,460151.602
공원,SKT,강북구,우이천,202900.908,460151.602
공원,SKT,강북구,우이천,202967.827,459973.947
공원,SKT,강북구,우이천,202793.496,460273.851
공원,SKT,강북구,우이천,203439.506,459248.864
공원,SKT,강북구,우이천,204380.925,458313.476
공원,SKT,강북구,우이천,204380.925,458313.476
공원,SKT,강북구,우이천,202407.071,460578.41
공공청사,서울시,강서구,강서 한강안내센터,182693.259,455223.775
주요거리,SKT,강서구,김포공항(국내선),182684.456,451089.994
주요거리,SKT,강서구,김포공항(국제선),182684.456,451089.994
주요거리,SKT,강서구,김포공항(국제선),182684.456,451089.994
주요거리,SKT,강서구,김포공항(국제선),182418.814,451754.099
주요거리,SKT,강서구,화곡역,185842.033,449131.676
주요거리,SKT,강서구,화곡역,185948.131,449145.567
주요거리,LGU+,강서구,까치산역,186421.174,448142.662
주요거리,LGU+,강서구,까치산역,186421.174,448142.662
주요거리,LGU+,강서구,까치산역,186470.915,448033.785
주요거리,LGU+,강서구,까치산역,186571.457,447810.609
주요거리,LGU+,관악구,사당역,198349.507,441814.758
주요거리,LGU+,관악구,사당역,198244.997,441818.727
주요거리,LGU+,관악구,사당역,198244.997,441818.727
주요거리,LGU+,관악구,서울대입구역,195972.697,442637.178
주요거리,LGU+,관악구,서울대입구역,195773.465,442225.221
주요거리,LGU+,관악구,신림역,193794.714,442852.755
주요거리,LGU+,관악구,신림동고시촌,194486.657,441082.086
주요거리,LGU+,관악구,신림동고시촌,194486.657,441082.086
주요거리,LGU+,관악구,신림역,193777.516,442676.146
주요거리,LGU+,관악구,구로디지털단지역,191399.304,442722.716
주요거리,LGU+,관악구,신대방역,192358.156,442952.92
주요거리,LGU+,관악구,신림동고시촌,194495.653,441082.086
주요거리,LGU+,관악구,신림동고시촌,194495.653,441082.086
광장,LGU+,관악구,관악산입구 만남의 광장,195290.711,440942.312
공원,LGU+,광진구,아차산생태공원,208822.318,450413.708
공원,SKT,광진구,어린이대공원,207273.957,449991.909
공원,SKT,광진구,어린이대공원,206790.43,449960.82
공원,SKT,광진구,어린이대공원,206790.43,449960.82
공원,SKT,광진구,어린이대공원,206849.432,450144.441
공원,SKT,광진구,어린이대공원,206897.719,450051.308
공원,SKT,광진구,어린이대공원,206902.349,449965.715
공원,SKT,광진구,어린이대공원,206988.603,450001.831
공원,SKT,광진구,어린이대공원,206988.603,450001.831
공원,SKT,광진구,어린이대공원,206992.572,450001.169
공원,SKT,광진구,어린이대공원,207016.385,449964.127
공원,SKT,광진구,어린이대공원,207026.307,450158.597
공원,SKT,광진구,어린이대공원,207028.291,449937.008
공원,SKT,광진구,어린이대공원,207028.291,449937.008
공원,SKT,광진구,어린이대공원,207030.904,449931.716
공원,SKT,광진구,어린이대공원,207032.921,450123.539
공원,SKT,광진구,어린이대공원,207050.781,449955.528
공원,SKT,광진구,어린이대공원,207082.398,449727.193
공원,SKT,광진구,어린이대공원,207082.398,449727.193
공원,SKT,광진구,어린이대공원,207132.788,450202.782
공원,SKT,광진구,어린이대공원,207135.183,450158.597
공원,SKT,광진구,어린이대공원,207135.963,450198.813
공원,SKT,광진구,어린이대공원,207139.813,449812.389
공원,SKT,광진구,어린이대공원,207139.813,449812.389
공원,SKT,광진구,어린이대공원,207141.268,450200.401
공원,SKT,광진구,어린이대공원,207165.478,450318.008
공원,SKT,광진구,어린이대공원,207225.538,449984.236
공원,SKT,광진구,어린이대공원,207288.509,450043.503
공원,SKT,광진구,어린이대공원,207288.509,450043.503
공원,SKT,광진구,어린이대공원,207302.4,449886.207
공원,SKT,광진구,어린이대공원,207316.158,449881.18
공원,SKT,광진구,어린이대공원,207414.848,449817.945
공원,SKT,광진구,어린이대공원,207062.025,449918.619
공원,SKT,광진구,어린이대공원,207062.025,449918.619
공원,SKT,광진구,어린이대공원,207116.794,449995.084
주요거리,LGU+,광진구,건대주변,205845.518,449031.767
주요거리,LGU+,광진구,건대주변,206137.883,448906.089
공공청사,서울시,광진구,뚝섬 한강안내센터,206538.252,447767.454
공공청사,서울시,광진구,뚝섬 한강안내센터,206538.252,447767.454
공원,SKT,광진구,뚝섬한강공원,206501.595,447755.853
공원,SKT,광진구,뚝섬한강공원,205889.084,447865.656
주요거리,LGU+,광진구,건대주변,206274.144,449251.371
주요거리,LGU+,광진구,건대주변,206404.451,449742.836
주요거리,LGU+,광진구,건대주변,206404.451,449742.836
주요거리,LGU+,광진구,건대주변,206199.399,449778.555
주요거리,LGU+,광진구,건대주변,205947.383,449795.753
주요거리,LGU+,광진구,건대주변,206249.008,449005.308
주요거리,LGU+,광진구,건대주변,205748.945,449215.653
주요거리,LGU+,광진구,건대주변,205748.945,449215.653
주요거리,LGU+,광진구,건대주변,206145.821,449130.986
주요거리,LGU+,광진구,건대주변,206103.487,449255.34
공원,SKT,구로구,고척근린공원,186906.951,445116.542
공원,SKT,구로구,고척근린공원,186977.191,444991.506
공원,SKT,구로구,고척근린공원,186977.191,444991.506
공원,SKT,구로구,고척근린공원,187052.068,445105.806
주요거리,LGU+,구로구,구로디지털단지,191017.453,442720.252
주요거리,LGU+,구로구,구로디지털단지,190801.817,442919.351
주요거리,LGU+,구로구,구로디지털단지,190494.9,442933.904
주요거리,LGU+,구로구,구로디지털단지,190494.9,442933.904
공원,SKT,구로구,거리공원,190488.946,444352.47
공원,SKT,구로구,거리공원,190363.269,444545.616
공원,SKT,구로구,거리공원,190156.894,444863.646
공원,SKT,구로구,거리공원,190259.552,444704.631
공원,SKT,구로구,거리공원,190259.552,444704.631
주요시장,SKT,노원구,공릉 도깨비시장,206617.765,458137.649
공원,LGU+,노원구,당현천 주변,206354.903,461728.924
주요거리,SKT,노원구,노원문화의거리,205644.798,461729.725
주요거리,SKT,노원구,노원문화의거리,205757.51,461804.602
주요거리,SKT,노원구,노원문화의거리,205757.51,461804.602
주요거리,LGU+,노원구,노원문화의거리,205666.055,461797.095
주요거리,SKT,노원구,노원역 일대 ,205509.352,461908.067
주요거리,SKT,노원구,노원문화의거리,205542.404,461753.273
주요거리,SKT,노원구,노원역사거리,205349.34,461543.14
주요거리,SKT,노원구,노원역사거리,205349.34,461543.14
공원,LGU+,노원구,당현천 주변,205216.928,459853.554
주요거리,SKT,노원구,노원역사거리,205244.829,461615.239
주요거리,SKT,노원구,노원역사거리,205573.574,461676.755
공원,LGU+,노원구,당현천 주변,205335.462,460014.818
공원,LGU+,노원구,당현천 주변,205335.462,460014.818
주요거리,SKT,노원구,광운대학교 앞,205314.013,458146.169
주요거리,SKT,노원구,광운대학교 앞,205414.423,458163.235
공원,SKT,노원구,각심어린이공원,204578.242,458897.932
공원,SKT,노원구,중계근린공원,205776.148,460127.006
공원,SKT,노원구,중계근린공원,205776.148,460127.006
공원,LGU+,노원구,당현천 주변,205618.963,460769.411
공원,LGU+,노원구,당현천 주변,206040.975,461170.388
공원,SKT,노원구,중계근린공원,205820.466,459921.954
공원,SKT,노원구,중계근린공원,205844.278,459935.877
공원,SKT,노원구,중계근린공원,205844.278,459935.877
공원,SKT,노원구,중계근린공원,205864.75,459941.169
공원,SKT,노원구,중계근린공원,205735.799,460111.131
공원,SKT,노원구,중계근린공원,205942.19,460223.713
주요거리,SKT,노원구,노원은행사거리,206756.926,461206.192
주요거리,SKT,노원구,노원은행사거리,206756.926,461206.192
광장,SKT,도봉구,도봉산,203545.399,465258.922
공원,SKT,도봉구,방학천,202885.004,462236.329
주요거리,SKT,도봉구,덕성여대,201206.186,461323.818
문화시설,SKT,도봉구,문화정보센터,203889.649,460541.684
문화시설,SKT,도봉구,문화정보센터,203889.649,460541.684
공원,SKT,도봉구,창동운동장,204489.199,462044.857
문화시설,SKT,동대문구,동대문문화회관,205631.474,452475.276
주요시장,SKT,동대문구,청량리시장,202167.198,452691.627
주요시장,SKT,동대문구,풍물시장,202260.993,452578.838
주요시장,SKT,동대문구,풍물시장,202260.993,452578.838
공원,SKT,동대문구,우산각어린이공원,202122.484,452580.502
주요시장,SKT,동대문구,청량리시장,202122.484,452580.502
문화시설,SKT,동대문구,용두교육장,202625.301,453236.492
광장,SKT,동대문구,동대문구청,203495.938,452767.827
광장,SKT,동대문구,동대문구청,203495.938,452767.827
주요시장,SKT,동대문구,경동시장,205458.225,455196.899
공원,SKT,동대문구,우산각어린이공원,205430.973,455199.816
주요시장,SKT,동대문구,경동시장,205430.973,455199.816
문화시설,SKT,동대문구,장안교육장,205855.296,452046.995
문화시설,SKT,동대문구,장안교육장,205855.296,452046.995
문화시설,SKT,동대문구,전농교육장,204214.214,453161.244
주요거리,SKT,동대문구,외국어대 거리,203344.464,453287.8
주요시장,SKT,동대문구,서울악령시,203344.464,453287.8
주요시장,SKT,동대문구,서울악령시,203731.55,453367.176
주요시장,SKT,동대문구,서울악령시,203731.55,453367.176
공원,SKT,동대문구,우산각어린이공원,203597.936,453365.39
주요거리,SKT,동대문구,외국어대 거리,203250.802,453247.584
주요시장,SKT,동대문구,청량리시장,203903.662,453535.583
주요거리,LGU+,동작구,노량진역 인근,195154.791,446081.072
주요거리,LGU+,동작구,노량진역 인근,195154.791,446081.072
주요거리,LGU+,동작구,노량진역 인근,194763.803,445480.532
주요거리,LGU+,동작구,노량진역 인근,194874.435,445992.076
공원,SKT,동작구,보라매공원,192623.639,443451.749
공원,SKT,동작구,보라매공원,192940.478,443573.457
공원,SKT,동작구,보라매공원,192940.478,443573.457
공원,SKT,동작구,보라매공원,193034.405,443843.333
공원,SKT,동작구,보라매공원,193042.343,443621.744
공원,SKT,동작구,보라매공원,193094.598,443832.75
공원,SKT,동작구,보라매공원,192816.124,443668.046
공원,SKT,동작구,보라매공원,192816.124,443668.046
주요거리,LGU+,마포구,신촌이대주변(마포구),194469.232,450594.92
주요거리,LGU+,마포구,홍대주변,193084.203,450621.12
공공청사,서울시,마포구,망원 한강안내센터,191123.189,450337.567
공원,서울시,마포구,평화의공원,190436.564,451344.473
공원,서울시,마포구,평화의공원,190436.564,451344.473
공원,서울시,마포구,평화의공원,190518.585,451591.859
공원,LGU+,마포구,하늘공원,189955.996,452175.73
공원,LGU+,마포구,난지도 캠핑장,188733.678,452299.388
공원,LGU+,마포구,노을공원,188502.769,452866.955
공원,LGU+,마포구,노을공원,188502.769,452866.955
공원,LGU+,마포구,노을공원,188805.718,452691.007
공원,서울시,마포구,평화의공원,190269.876,451384.16
공원,서울시,마포구,평화의공원,190366.449,451557.463
공원,서울시,마포구,평화의공원,190473.606,451700.338
공원,서울시,마포구,평화의공원,190473.606,451700.338
공원,서울시,마포구,평화의공원,190547.689,451463.535
공원,서울시,마포구,평화의공원,190619.127,451499.254
공원,서울시,마포구,평화의공원,190706.44,451333.889
주요거리,LGU+,마포구,홍대주변,193317.699,450374.395
주요거리,LGU+,마포구,홍대주변,193317.699,450374.395
주요거리,LGU+,마포구,홍대주변,193260.152,450529.177
주요거리,LGU+,마포구,홍대주변,193240.969,450254.01
공원,서울시,마포구,평화의공원,190960.44,451515.129
공원,서울시,마포구,평화의공원,190731.575,451635.515
공원,서울시,마포구,평화의공원,190731.575,451635.515
공원,서울시,마포구,평화의공원,190784.492,451396.066
공원,서울시,마포구,평화의공원,190875.773,451613.025
공원,서울시,마포구,평화의공원,190916.784,451491.317
공원,서울시,마포구,평화의공원,190980.284,451468.893
공원,서울시,마포구,평화의공원,190980.284,451468.893
주요거리,LGU+,서대문구,신촌이대주변,194781.177,451074.081
주요거리,LGU+,서대문구,신촌이대주변,195104.234,451069.186
주요거리,LGU+,서대문구,신촌이대주변,195105.294,451026.594
주요거리,LGU+,서대문구,신촌이대주변,195204.775,450991.134
주요거리,LGU+,서대문구,신촌이대주변,195204.775,450991.134
주요거리,LGU+,서대문구,신촌이대주변,194955.405,451057.28
공원,SKT,서대문구,불광천,192276.436,454096.59
공원,SKT,서대문구,불광천,192274.319,454093.415
공원,LGU+,서대문구,안산공원주변,194535.735,453330.013
공원,LGU+,서대문구,안산공원주변,194535.735,453330.013
공원,LGU+,서대문구,홍제천주변,194519.331,453575.679
광장,LGU+,서대문구,서대문구청옥상,194394.976,453264.793
공원,LGU+,서대문구,안산공원주변,194654.798,453434.655
주요거리,LGU+,서대문구,신촌이대주변,194587.104,451010.846
주요거리,LGU+,서대문구,신촌이대주변,194587.104,451010.846
주요거리,LGU+,서대문구,신촌이대주변,194418.035,450973.539
주요거리,LGU+,서대문구,신촌이대주변,194342.893,450909.113
주요거리,LGU+,서대문구,신촌이대주변,194418.961,450786.743
공공청사,서울시,서초구,농업기술센터,207935.176,440703.335
공공청사,서울시,서초구,농업기술센터,207935.176,440703.335
공공청사,서울시,서초구,어린이병원,206097.296,439593.655
주요거리,LGU+,서초구,서래마을,199916.084,444438.315
주요거리,LGU+,서초구,서래마을,199924.968,444250.71
주요거리,LGU+,서초구,서래마을,199843.984,444076.496
주요거리,LGU+,서초구,서래마을,199843.984,444076.496
주요거리,LGU+,서초구,서래마을,199845.969,444269.643
주요거리,LGU+,서초구,서래마을,199899.547,444159.179
공공청사,서울시,서초구,반포 한강안내센터,199271.505,445304.782
공원,KT,서초구,반포한강공원,199210.84,445287.764
공원,KT,서초구,반포한강공원,199210.84,445287.764
주요거리,LGU+,서초구,사당역 거리,198416.315,441957.633
주요거리,LGU+,서초구,사당역 거리,198578.372,442045.608
주요거리,LGU+,서초구,강남역일대(교보거리),202000.612,444913.746
주요거리,LGU+,서초구,강남역일대(교보거리),202222.763,444689.444
주요거리,LGU+,서초구,강남역일대(교보거리),202222.763,444689.444
주요거리,LGU+,서초구,강남역일대(교보거리),202340.555,444442.905
주요거리,LGU+,서초구,강남역일대(교보거리),202140.532,444616.178
주요거리,LGU+,서초구,강남역일대(교보거리),202192.153,444689.003
주요거리,LGU+,서초구,강남역일대(교보거리),202112.455,444726.369
주요거리,LGU+,서초구,강남역일대(교보거리),202112.455,444726.369
주요거리,LGU+,서초구,강남역일대(교보거리),202165.792,444511.927
공공청사,서울시,서초구,보건환경연구원,202891.471,440584.998
공공청사,서울시,서초구,인재개발원,201714.511,442246.388
주요거리,LGU+,서초구,강남역일대(교보거리),202156.543,444378.998
주요거리,LGU+,서초구,강남역일대(교보거리),202156.543,444378.998
공공청사,서울시,서초구,데이터센터,201939.408,442238.451
공공청사,서울시,서초구,품질시험소,202508.337,440858.139
공공청사,서울시,서초구,잠원 한강안내센터,201087.31,446807.531
공공청사,서울시,성동구,청계천문화관,203075.848,452401.857
공공청사,서울시,성동구,청계천문화관,203075.848,452401.857
관광명소,KT,성동구,청계첝,203327.87,452501.949
공원,SKT,성동구,살곶이체육공원,204204.91,450530.0
공원,SKT,성동구,살곶이체육공원,204348.844,450597.205
공원,SKT,성동구,살곶이체육공원,204438.273,450689.412
공원,SKT,성동구,살곶이체육공원,204438.273,450689.412
공공청사,서울시,성동구,한강사업본부,203723.356,448804.123
관광명소,KT,성동구,청계첝,203365.441,452561.48
주요거리,SKT,성동구,한양대주변,203470.954,451308.135
주요거리,SKT,성동구,한양대주변,203606.679,451048.313
주요거리,SKT,성동구,한양대주변,203606.679,451048.313
주요거리,SKT,성동구,한양대주변,203634.996,451182.332
광장,LGU+,성동구,왕십리광장,203253.386,451475.341
광장,LGU+,성동구,왕십리광장,203286.486,451315.251
주요거리,LGU+,성북구,성신여대앞 거리(하나로거리),201587.008,454678.992
주요거리,LGU+,성북구,성신여대앞 거리(하나로거리),201587.008,454678.992
주요거리,LGU+,성북구,성신여대앞 거리(하나로거리),201635.162,454587.181
주요시장,LGU+,성북구,돈암제일시장,201375.791,454683.92
주요시장,LGU+,성북구,돈암제일시장,201422.622,454691.063
주요거리,SKT,성북구,안암역,202591.974,454278.909
주요거리,SKT,성북구,안암역,202591.974,454278.909
공원,LGU+,성북구,개운산생태공원,202431.699,455072.185
공원,LGU+,성북구,개운산생태공원,202406.034,455594.473
공원,LGU+,성북구,개운산생태공원,202299.143,455299.991
공원,LGU+,성북구,개운산생태공원,202356.293,455170.081
공원,LGU+,성북구,개운산생태공원,202356.293,455170.081
주요거리,LGU+,송파구,문정동 로데오,210973.046,443418.655
문화시설,LGU+,송파구,삼전동구민회관,208192.576,444811.373
공원,KT,송파구,백제초기적성총,209068.041,444779.888
문화시설,LGU+,송파구,송파여성문화회관,209705.331,445174.17
문화시설,LGU+,송파구,송파여성문화회관,209705.331,445174.17
주요거리,LGU+,송파구,문정동 로데오,209705.331,445174.17
공원,LGU+,송파구,석촌호수 주변 ,209147.66,445622.729
공원,LGU+,송파구,석촌호수 주변 ,209446.071,445969.142
공원,LGU+,송파구,석촌호수 주변 ,209465.518,445795.31
공원,LGU+,송파구,석촌호수 주변 ,209465.518,445795.31
주요시장,LGU+,송파구,새마을시장,207478.691,445511.455
주요거리,LGU+,송파구,신천성당,207325.232,445706.586
주요거리,LGU+,송파구,잠실2동 주민센터 옥상,207829.83,445828.705
주요거리,LGU+,송파구,잠실본동주민센터 부근,207381.456,445224.382
주요거리,LGU+,송파구,잠실본동주민센터 부근,207381.456,445224.382
공원,LGU+,송파구,석촌호수 주변 ,208944.724,445647.864
공공청사,서울시,송파구,잠실 한강안내센터,207675.542,446459.525
공원,LGU+,송파구,석촌호수 주변 ,208990.762,445678.292
공원,LGU+,송파구,석촌호수 주변 ,209079.265,445438.579
공원,LGU+,송파구,석촌호수 주변 ,209079.265,445438.579
공원,SKT,양천구,오목근린공원,188788.928,447554.026
공원,SKT,양천구,양지근린공원,185064.026,447042.897
주요거리,LGU+,양천구,목동로데오 거리 ,187783.721,447556.007
공원,SKT,양천구,갈산근린공원,188368.683,445421.083
공원,SKT,양천구,갈산근린공원,188368.683,445421.083
공공청사,서울시,영등포구,양화 한강안내센터,191382.371,448754.471
공원,LGU+,영등포구,선유도공원,191323.659,449215.881
공원,LGU+,영등포구,선유도공원,191256.719,449318.407
공원,LGU+,영등포구,여의도공원,194141.609,447425.376
공원,LGU+,영등포구,여의도공원,194141.609,447425.376
공원,LGU+,영등포구,여의도공원,193106.954,448288.713
공원,LGU+,영등포구,여의도공원,193611.912,447932.054
공원,LGU+,영등포구,여의도공원,194318.88,447253.132
공원,KT,영등포구,여의한강공원,194233.885,447530.113
공원,KT,영등포구,여의한강공원,194233.885,447530.113
주요거리,LGU+,영등포구,영등포역전거리,191732.84,446299.419
주요거리,LGU+,영등포구,영등포역전거리,191783.111,446313.971
광장,LGU+,용산구,서울역광장,197598.73,450557.878
공원,서울시,용산구,남산공원,198928.648,450175.012
공원,서울시,용산구,남산공원,198928.648,450175.012
공원,서울시,용산구,남산공원,198915.551,450211.392
공원,LGU+,용산구,이촌한강공원,197411.823,446487.089
공원,LGU+,용산구,이촌한강공원,197265.773,446397.528
주요거리,LGU+,용산구,이태원거리,199553.433,448327.176
주요거리,LGU+,용산구,이태원거리,199553.433,448327.176
주요거리,LGU+,용산구,이태원거리,199490.197,448172.659
주요거리,LGU+,용산구,이태원거리,199218.999,448325.324
관광명소,LGU+,용산구,이태원거리,199202.409,448345.789
공원,LGU+,용산구,효창공원,196707.86,449509.328
공원,LGU+,용산구,효창공원,196707.86,449509.328
주요거리,SKT,용산구,숙명여대입구,197085.955,449489.124
주요거리,SKT,용산구,숙명여대입구,197260.58,449474.572
공원,LGU+,용산구,효창공원,196674.366,449489.77
주요거리,SKT,용산구,숙명여대입구,197084.632,449477.879
주요거리,SKT,용산구,숙명여대입구,197084.632,449477.879
주요거리,SKT,용산구,숙명여대입구,197056.189,449395.858
광장,LGU+,용산구,나진상가 광장,196807.322,448228.033
광장,LGU+,용산구,선인상가,196844.992,448140.026
주요거리,LGU+,용산구,신용산역 5번출구앞,197153.926,447880.105
주요거리,LGU+,용산구,신용산역 5번출구앞,197153.926,447880.105
주요거리,LGU+,용산구,신용산역 6번출구앞,197153.926,447880.105
주요거리,LGU+,용산구,이태원거리,199988.938,448506.035
공원,LGU+,용산구,효창공원,196632.844,449690.384
공원,LGU+,용산구,효창공원,196602.417,449643.818
공원,LGU+,용산구,효창공원,196602.417,449643.818
공원,LGU+,은평구,궁말어린이공원 CCTV,191964.762,457492.07
주요거리,SKT,은평구,연신내로데오거리,192905.868,457801.349
주요거리,SKT,은평구,연신내로데오거리,192903.883,457785.507
공원,LGU+,은평구,박석고개공원,192805.18,458404.707
공원,LGU+,은평구,박석고개공원,192805.18,458404.707
공원,LGU+,은평구,서갈현어린이공원,192561.344,457981.541
주요거리,SKT,은평구,연신내로데오거리,192753.07,457769.599
주요거리,SKT,은평구,연신내로데오거리,192782.175,457600.926
공원,LGU+,은평구,갈마어린이공원,192584.779,457232.567
공원,LGU+,은평구,갈마어린이공원,192584.779,457232.567
주요거리,SKT,은평구,연신내로데오거리,192791.402,457594.312
공원,LGU+,은평구,좌월어린이공원,192344.487,457548.122
공원,SKT,은평구,물빛공원,192974.13,457695.647
공원,SKT,은평구,은평평화공원,193200.61,456256.625
공원,SKT,은평구,은평평화공원,193200.61,456256.625
공원,SKT,은평구,녹번초교,193549.091,456029.298
주요거리,SKT,은평구,연신내로데오거리,193065.941,457555.947
주요거리,SKT,은평구,연신내로데오거리,193069.248,457543.413
공원,SKT,은평구,대조어린이공원,192913.546,457295.719
공원,SKT,은평구,대조어린이공원,192913.546,457295.719
공원,LGU+,은평구,불광어린이공원,193926.011,457415.246
주요거리,SKT,은평구,불광역 거리,193938.501,456782.767
주요시장,LGU+,은평구,연서시장,193169.191,457742.81
공원,SKT,은평구,블광생태공원,194783.151,456894.447
공원,SKT,은평구,블광생태공원,194783.151,456894.447
공원,SKT,은평구,신흥어린이공원,192213.275,455156.142
주요거리,SKT,은평구,역촌동걷고싶은거리,192775.952,456221.406
공원,SKT,은평구,역마을어린이공원,192824.891,455733.054
주요거리,SKT,은평구,역촌동걷고싶은거리,192828.207,455774.921
주요거리,SKT,은평구,역촌동걷고싶은거리,192828.207,455774.921
공원,LGU+,은평구,역말어린이공원,192401.22,456361.271
공공청사,서울시,은평구,서북병원,191569.599,456062.833
공원,LGU+,은평구,참다래어린이공원,192685.825,455086.313
공공청사,서울시,은평구,은평병원,193270.647,454946.785
공공청사,서울시,은평구,은평병원,193270.647,454946.785
공원,LGU+,은평구,응암9구역어린이공원(가칭),193198.952,454111.184
공원,SKT,은평구,포수동어린이공원,192875.521,455358.266
공원,SKT,은평구,백련근린공원,193482.331,454988.158
공원,LGU+,은평구,분토골어린이공원,192198.112,454150.446
공원,LGU+,은평구,분토골어린이공원,192198.112,454150.446
광장,LGU+,은평구,구파발역앞광장,192849.541,459703.609
주요거리,KT,종로구,광화문거리,198472.518,452487.224
주요거리,LGU+,종로구,청계천(종로구),198745.839,452106.866
관광명소,KT,종로구,청계첝,198627.752,452142.854
관광명소,KT,종로구,청계첝,198627.752,452142.854
주요거리,LGU+,종로구,청계천(종로구),198630.083,452133.324
주요거리,KT,종로구,광화문거리,198747.686,452655.234
주요거리,KT,종로구,광화문거리,198917.019,452602.318
주요거리,KT,종로구,광화문거리,197764.757,452508.39
주요거리,KT,종로구,광화문거리,197764.757,452508.39
주요거리,LGU+,종로구,대학로,200304.423,453422.328
주요거리,LGU+,종로구,대학로,200247.537,453419.682
주요거리,LGU+,종로구,대학로,200189.83,453583.42
주요거리,LGU+,종로구,대학로,200634.981,453404.343
주요거리,LGU+,종로구,대학로,200634.981,453404.343
주요거리,LGU+,종로구,대학로,200210.997,453382.998
주요거리,LGU+,종로구,대학로,200214.464,453389.917
공원,LGU+,종로구,종묘공원,199475.921,452409.987
공원,SKT,종로구,사직공원,197240.736,452960.393
공원,SKT,종로구,사직공원,197240.736,452960.393
주요거리,LGU+,종로구,삼청동 카페골목,198472.928,453863.487
주요거리,LGU+,종로구,삼청동 카페골목,198406.782,453863.487
관광명소,KT,종로구,청계첝,198173.197,452175.794
공원,KT,종로구,청계천(광장),198073.79,452194.726
공원,KT,종로구,청계천(광장),198073.79,452194.726
공원,KT,종로구,청계천(종로구),198342.211,452173.03
주요거리,LGU+,종로구,청계천(종로구),198223.286,452187.564
광장,LGU+,종로구,광화문광장,197917.091,452487.554
광장,LGU+,종로구,서울역사박물관 광장,197179.963,452431.895
광장,LGU+,종로구,서울역사박물관 광장,197179.963,452431.895
공공청사,서울시,종로구,서울역사박물관,197404.393,452326.357
광장,LGU+,종로구,서울역사박물관 광장,197409.159,452345.641
주요거리,LGU+,종로구,대학로,200172.792,453346.26
관광명소,KT,종로구,청계첝,199819.835,452149.071
관광명소,KT,종로구,청계첝,199819.835,452149.071
주요거리,LGU+,종로구,인사동,198792.533,452601.127
주요거리,LGU+,종로구,인사동,198776.658,452605.79
관광명소,KT,종로구,청계첝,199652.089,452148.542
관광명소,KT,종로구,청계첝,199517.68,452136.636
관광명소,KT,종로구,청계첝,199517.68,452136.636
관광명소,KT,종로구,청계첝,199452.328,452131.08
관광명소,KT,종로구,청계첝,199328.767,452090.598
주요거리,LGU+,종로구,종로거리,198932.37,452311.918
주요거리,LGU+,종로구,대학로,200118.392,453793.103
주요거리,LGU+,종로구,대학로,200118.392,453793.103
주요거리,LGU+,종로구,대학로,200144.156,453757.384
공원,KT,중구,청계천(종로구),198455.982,452134.666
관광명소,KT,중구,청계첝,198480.081,452148.013
관광명소,KT,중구,청계첝,198466.885,452137.43
관광명소,KT,중구,청계첝,198466.885,452137.43
관광명소,KT,중구,청계첝,198497.908,452136.074
주요거리,LGU+,중구,명동거리(종로구),198443.847,451579.373
주요시장,LGU+,중구,남대문시장,198074.612,451269.504
주요시장,LGU+,중구,남대문시장,197995.634,451245.691
주요시장,LGU+,중구,남대문시장,197995.634,451245.691
주요거리,LGU+,중구,명동거리(종로구),198694.54,451244.013
주요시장,LGU+,중구,남대문시장,198118.93,451213.544
주요시장,LGU+,중구,남대문시장,197977.774,450926.12
주요시장,LGU+,중구,남대문시장,197872.999,451121.601
주요시장,LGU+,중구,남대문시장,197872.999,451121.601
공원,KT,중구,청계천(종로구),198301.2,452142.603
공원,KT,중구,청계천(종로구),198244.315,452148.556
주요거리,SKT,중구,명동거리(중구),198682.634,451593.132
주요거리,SKT,중구,명동거리(중구),198537.112,451566.673
주요거리,SKT,중구,명동거리(중구),198537.112,451566.673
주요거리,SKT,중구,명동거리(중구),198524.545,451568.691
주요거리,SKT,중구,명동거리(중구),198691.894,451597.101
주요거리,LGU+,중구,명동거리(종로구),198695.863,451582.681
주요거리,SKT,중구,명동거리(중구),198711.076,451475.425
주요거리,SKT,중구,명동거리(중구),198711.076,451475.425
주요거리,SKT,중구,명동거리(중구),198706.446,451483.329
주요거리,LGU+,중구,명동거리(종로구),198638.316,451568.79
주요거리,LGU+,중구,명동거리(종로구),198638.316,451532.41
주요거리,LGU+,중구,명동거리(종로구),198539.758,451548.946
주요거리,LGU+,중구,명동거리(종로구),198539.758,451548.946
공원,KT,중구,청계천(종로구),198176.714,452152.393
광장,LGU+,중구,서울역,197523.712,450784.332
관광명소,KT,중구,청계첝,199591.499,452112.294
관광명소,KT,중구,청계첝,199549.166,452100.123
관광명소,KT,중구,청계첝,199549.166,452100.123
관광명소,KT,중구,청계첝,198736.232,452090.598
공공청사,서울시,중구,서울시의회별관,197766.609,451672.57
공공청사,서울시,중구,서울시청 서소문청사,197816.218,451661.986
공공청사,서울시,중구,서울시립미술관,197676.65,451623.622
공공청사,서울시,중구,서울시립미술관,197676.65,451623.622
광장,KT,중구,서울광장,198136.342,451738.271
관광명소,KT,중구,청계첝,199171.075,452051.704
관광명소,KT,중구,청계첝,199107.575,452046.148
관광명소,KT,중구,청계첝,199058.362,452042.312
관광명소,KT,중구,청계첝,199058.362,452042.312
주요거리,SKT,중구,청계천(중구),199053.837,452048.931
주요거리,SKT,중구,청계천(중구),199060.994,452048.918
주요거리,LGU+,중구,동대문 거리,201069.496,452042.247
주요거리,LGU+,중구,동대문 거리,200882.276,452217.139
주요거리,LGU+,중구,동대문 거리,200882.276,452217.139
주요거리,LGU+,중구,동대문 거리,200940.39,452112.697
공공청사,서울시,중구,동대문역사관,201009.328,451958.713
주요거리,LGU+,중구,신당동 떡볶이 골목,201310.113,451489.61
공원,서울시,중구,남산공원,198946.639,450230.985
공원,서울시,중구,남산공원,198946.639,450230.985
광장,LGU+,중구,서울광장,198171.025,451841.11
광장,LGU+,중구,서울광장,198142.715,451763.058
광장,KT,중구,서울광장,198149.571,451763.671
광장,LGU+,중구,서울광장,198154.885,451793.485
광장,LGU+,중구,서울광장,198154.885,451793.485
광장,KT,중구,서울광장,198160.948,451789.336
공공청사,서울시,중구,서울시 을지로청사,198283.875,451852.864
관광명소,KT,중구,청계첝,200862.56,452240.088
주요거리,LGU+,중구,동대문 거리,200689.024,452042.247
주요거리,LGU+,중구,동대문 거리,200689.024,452042.247
주요거리,SKT,중구,청계천(중구),199313.936,452069.986
주요거리,SKT,중구,청계천(중구),199302.03,452068.63
관광명소,KT,중구,청계첝,198910.195,452064.14
관광명소,KT,중구,청계첝,199866.137,452134.255
관광명소,KT,중구,청계첝,199866.137,452134.255
관광명소,KT,중구,청계첝,199851.32,452131.873
주요거리,SKT,중구,충무로거리,198604.052,451318.097
주요거리,SKT,중구,충무로거리,198664.906,451327.357
주요거리,SKT,중구,충무로거리,198671.521,451329.342
주요거리,SKT,중구,충무로거리,198671.521,451329.342
주요거리,SKT,중구,충무로거리,198593.469,451317.435
주요시장,LGU+,중구,남대문시장,198262.731,451303.899
공원,KT,중구,청계천(광장),198015.582,452175.147
공공청사,서울시,중구,서울시 신청사,198093.105,451896.805
공공청사,서울시,중구,서울시 신청사,198093.105,451896.805
공공청사,서울시,중구,서울광장,198072.473,451851.012
공공청사,서울시,중구,서울시의회본관,197939.911,451999.331
공원,KT,중구,청계천(종로구),197996.929,452095.639
공공청사,서울시,중구,서울광장,198019.821,451851.409
공공청사,서울시,중구,서울광장,198019.821,451851.409
공공청사,서울시,중구,서울도서관,198044.951,451863.203
관광명소,LGU+,중구,덕수궁 정문,197954.066,451687.783
관광명소,KT,중구,남산골한옥마을,199386.18,451039.194
관광명소,KT,중구,남산골한옥마을,199400.468,451115.381
관광명소,KT,중구,남산골한옥마을,199400.468,451115.381
관광명소,KT,중구,남산골한옥마을,199404.701,451085.231
관광명소,KT,중구,남산골한옥마을,199411.58,451083.101
관광명소,KT,중구,청계첝,201682.505,452386.932
공원,LGU+,중랑구,중랑캠핑숲,209959.401,456387.938
공원,LGU+,중랑구,중랑캠핑숲,209959.401,456387.938
공원,LGU+,중랑구,중랑캠핑숲,209651.161,456303.272
공원,LGU+,중랑구,중랑캠핑숲,209729.213,456145.844
공원,LGU+,중랑구,중랑캠핑숲,209693.494,456129.969
공원,LGU+,중랑구,용마폭포공원,208062.461,452637.49
공원,LGU+,중랑구,용마폭포공원,208062.461,452637.49
공원,LGU+,중랑구,면목역공원,207655.982,454341.105
공원,LGU+,중랑구,용마폭포공원,207975.678,452707.076
공원,LGU+,중랑구,용마폭포공원,208001.078,452763.697
공원,LGU+,중랑구,봉수대공원,208083.833,456333.243
공원,LGU+,중랑구,봉수대공원,208083.833,456333.243
